
INSERT INTO city (id, name, state, country)
VALUES (1, 'Санкт-Петербург', 'Санкт-Петербург', '7'),
       (2, 'Белгород', 'Белгород', '7'),
       (3, 'Выборг', 'Ленинградская область', '7'),
       (4, 'Старый Оскол', 'Белгородская область', '7');

INSERT INTO address (zipcode, city_id, address1, address2)
VALUES ('195265', 1, 'ул. Руставели дом 43', 'ул. Руставели дом 43'),
       ('194356', 1, 'пр-т. Энгельса, д. 120', 'пр-т. Энгельса, д. 120'),
       ('191025', 1, 'Невский пр. д 100', 'Невский пр. д 100'),
       ('198096', 1, 'пр. Стачек, д 59', 'пр. Стачек, д 59'),
       ('192284', 1, 'ул. Димитрова, 15 корпус 1', 'ул. Димитрова, 15 корпус 1'),
       ('192019', 1, 'ул. Седова, 11', 'ул. Седова, 11'),
       ('308002', 2, 'ул. Генерала Лебедя, 1А', 'ул. Генерала Лебедя, 1А'),
       ('308007', 2, 'ул. Садовая, 80', 'ул. Садовая, 80'),
       ('308001', 2, '2-й Карьерный пер., строение 11', '2-й Карьерный пер., строение 11'),
       ('308001', 2, 'ул. Вокзальная, 22', 'ул. Вокзальная, 22'),
       ('308519', 2, 'ул.Березовая, 1/12 пгт.Северный', 'ул.Березовая, 1/12 пгт.Северный'),
       ('308029', 2, 'Беловский пер., 17,', 'Беловский пер., 17,'),
       ('188800', 3, 'ул. Выборгская, 15', 'ул. Выборгская, 15'),
       ('188800', 3, 'ул. Северный Вал, 17', 'ул. Северный Вал, 17'),
       ('188810', 3, 'Ленинградское ш., 21а', 'Ленинградское ш., 21а'),
       ('188805', 3, 'Большая Каменная ул., д.14', 'Большая Каменная ул., д.14'),
       ('188800', 3, 'Большая Гвардейская ул., 33-б', 'Большая Гвардейская ул., 33-б'),
       ('188800', 3, 'ул. Кривоносова, 15', 'ул. Кривоносова, 15'),
       ('309505', 4, 'ул. Мира, 10а', 'ул. Мира, 10а'),
       ('309507', 4, 'ул. Ватутина, 222', 'ул. Ватутина, 222'),
       ('309501', 4, 'Восточная ул., 18', 'Восточная ул., 18'),
       ('309501', 4, 'Промышленная ул., 1-3', 'Промышленная ул., 1-3'),
       ('309503', 4, 'ул. Сталеваров, 31', 'ул. Сталеваров, 31'),
       ('309502', 4, 'ул. Надежды, 3', 'ул. Надежды, 3');

INSERT INTO category (name, description)
VALUES ('Шиномонтаж', 'Услуги шиномонтажа'),
       ('Барбершоп', 'Услуги парикмахерского искусства'),
       ('Маникюрный салон', 'Услуги маникюра, педикюра'),
       ('Стоматология', 'Услуги стоматолога'),
       ('Тату Салон', 'Услуги татуировщика');

INSERT INTO users (username, first_name, last_name, password, is_activated, email, phone)
VALUES ('barber1', 'Илан', 'Маск', '$2a$10$iKNz2CivqvKERpJ9NvhcQetpSc0QnIj58t6szc8pk2GaA8gZcMCnW',
        'true', 'barber@mail.ru','79217654321'),
        ('barber2', 'Джон', 'Бонджови', '$2a$10$iKNz2CivqvKERpJ9NvhcQetpSc0QnIj58t6szc8pk2GaA8gZcMCnW',
         'true', 'barbersalon@mail.ru','79211234567'),
        ('shinka1', 'Билл', 'Гейтс', '$2a$10$iKNz2CivqvKERpJ9NvhcQetpSc0QnIj58t6szc8pk2GaA8gZcMCnW',
         'true', 'shika@mail.ru','7921546123'),
        ('shinka2', 'Леонель', 'Месси', '$2a$10$iKNz2CivqvKERpJ9NvhcQetpSc0QnIj58t6szc8pk2GaA8gZcMCnW',
         'true', 'shinkaservice@mail.ru','79219517538'),
        ('pilka1', 'Криштиану', 'Роналду', '$2a$10$iKNz2CivqvKERpJ9NvhcQetpSc0QnIj58t6szc8pk2GaA8gZcMCnW',
         'true', 'pilka@mail.ru','79111111111'),
        ('pilka2', 'Фред', 'Дёрст', '$2a$10$iKNz2CivqvKERpJ9NvhcQetpSc0QnIj58t6szc8pk2GaA8gZcMCnW',
         'true', 'pilkafreda@mail.ru','79222222222'),
        ('stoma1', 'Джеймс', 'Хэтфилд', '$2a$10$iKNz2CivqvKERpJ9NvhcQetpSc0QnIj58t6szc8pk2GaA8gZcMCnW',
         'true', 'stomashishkina@mail.ru','79333333333'),
        ('stoma2', 'Мэрлин', 'Мэнсон', '$2a$10$iKNz2CivqvKERpJ9NvhcQetpSc0QnIj58t6szc8pk2GaA8gZcMCnW',
         'true', 'stomamenson@mail.ru','79444444444'),
        ('tatu1', 'Джими', 'Пэйдж', '$2a$10$iKNz2CivqvKERpJ9NvhcQetpSc0QnIj58t6szc8pk2GaA8gZcMCnW',
         'true', 'tatupad@mail.ru','792555555555'),
        ('tatu2', 'Стивин', 'Тэйлор', '$2a$10$iKNz2CivqvKERpJ9NvhcQetpSc0QnIj58t6szc8pk2GaA8gZcMCnW',
         'true', 'taty2@mail.ru','792666666666'),
        ('master1', 'Эксл', 'Роуз', '$2a$10$iKNz2CivqvKERpJ9NvhcQetpSc0QnIj58t6szc8pk2GaA8gZcMCnW',
         'true', 'master1@mail.ru','79119577533'),
        ('master2', 'Трейси', 'Ганз', '$2a$10$iKNz2CivqvKERpJ9NvhcQetpSc0QnIj58t6szc8pk2GaA8gZcMCnW',
          'true', 'master2@mail.ru','79215647321'),
        ('master3', 'Малкольм', 'Янг', '$2a$10$iKNz2CivqvKERpJ9NvhcQetpSc0QnIj58t6szc8pk2GaA8gZcMCnW',
         'true', 'master3@mail.ru','79219125768'),
        ('master4', 'Джордж', 'Янг', '$2a$10$iKNz2CivqvKERpJ9NvhcQetpSc0QnIj58t6szc8pk2GaA8gZcMCnW',
         'true', 'master4@mail.ru','79213218524'),
        ('master5', 'Алекс', 'Янг', '$2a$10$iKNz2CivqvKERpJ9NvhcQetpSc0QnIj58t6szc8pk2GaA8gZcMCnW',
         'true', 'master5@mail.ru','79216894125'),
        ('master6', 'Ангус', 'Янг', '$2a$10$iKNz2CivqvKERpJ9NvhcQetpSc0QnIj58t6szc8pk2GaA8gZcMCnW',
         'true', 'master6@mail.ru','79214114796'),
        ('master7', 'Кит', 'Ричардс', '$2a$10$iKNz2CivqvKERpJ9NvhcQetpSc0QnIj58t6szc8pk2GaA8gZcMCnW',
         'true', 'master7@mail.ru','79215468236'),
        ('master8', 'Мик', 'Джагер', '$2a$10$iKNz2CivqvKERpJ9NvhcQetpSc0QnIj58t6szc8pk2GaA8gZcMCnW',
         'true', 'master8@mail.ru','79211591593'),
        ('master9', 'Стивин', 'Тэйлор', '$2a$10$iKNz2CivqvKERpJ9NvhcQetpSc0QnIj58t6szc8pk2GaA8gZcMCnW',
         'true', 'master9@mail.ru','79214535879'),
        ('master10', 'Оззи', 'Озборн', '$2a$10$iKNz2CivqvKERpJ9NvhcQetpSc0QnIj58t6szc8pk2GaA8gZcMCnW',
         'true', 'master10@mail.ru','79211592637'),
        ('master11', 'Тейлор', 'Момсен', '$2a$10$iKNz2CivqvKERpJ9NvhcQetpSc0QnIj58t6szc8pk2GaA8gZcMCnW',
         'true', 'master11@mail.ru','79217568942'),
        ('master12', 'Риччи', 'Блэкмор', '$2a$10$iKNz2CivqvKERpJ9NvhcQetpSc0QnIj58t6szc8pk2GaA8gZcMCnW',
         'true', 'master12@mail.ru','79213497368'),

        ('user2', 'Железный', 'Человек', '$2a$10$iKNz2CivqvKERpJ9NvhcQetpSc0QnIj58t6szc8pk2GaA8gZcMCnW',
         'true', 'user2@mail.ru','79211453698'),
        ('user3', 'Человек', 'Паук', '$2a$10$iKNz2CivqvKERpJ9NvhcQetpSc0QnIj58t6szc8pk2GaA8gZcMCnW',
         'true', 'user3@mail.ru','79211425896'),
        ('user4', 'Капитан', 'Америка', '$2a$10$iKNz2CivqvKERpJ9NvhcQetpSc0QnIj58t6szc8pk2GaA8gZcMCnW',
         'true', 'user4@mail.ru','79217845126'),
        ('user5', 'Логан', 'Росомаха', '$2a$10$iKNz2CivqvKERpJ9NvhcQetpSc0QnIj58t6szc8pk2GaA8gZcMCnW',
         'true', 'user5@mail.ru','79213572419'),
        ('user6', 'Брюс', 'Халк', '$2a$10$iKNz2CivqvKERpJ9NvhcQetpSc0QnIj58t6szc8pk2GaA8gZcMCnW',
         'true', 'user6@mail.ru','79214578326'),
        ('user7', 'Черная', 'Вдова', '$2a$10$iKNz2CivqvKERpJ9NvhcQetpSc0QnIj58t6szc8pk2GaA8gZcMCnW',
         'true', 'user7@mail.ru','79211257698'),
        ('user8', 'Леонардо', 'Ниндзя', '$2a$10$iKNz2CivqvKERpJ9NvhcQetpSc0QnIj58t6szc8pk2GaA8gZcMCnW',
         'true', 'user8@mail.ru','79216874259'),
        ('user9', 'Донателло', 'Ниндзя', '$2a$10$iKNz2CivqvKERpJ9NvhcQetpSc0QnIj58t6szc8pk2GaA8gZcMCnW',
         'true', 'user9@mail.ru','79211453699'),
        ('user10', 'Рафаэль', 'Ниндзя', '$2a$10$iKNz2CivqvKERpJ9NvhcQetpSc0QnIj58t6szc8pk2GaA8gZcMCnW',
         'true', 'user10@mail.ru','79211457893'),
        ('user11', 'Микеланджело', 'Ниндзя', '$2a$10$iKNz2CivqvKERpJ9NvhcQetpSc0QnIj58t6szc8pk2GaA8gZcMCnW',
         'true', 'user11@mail.ru','79219812576');

INSERT INTO users_roles (user_id, role_id)
VALUES ('1', '2'),
       ('2', '1'),
       ('3', '1'),
       ('4', '1'),
       ('5', '1'),
       ('6', '1'),
       ('7', '1'),
       ('8', '1'),
       ('9', '1'),
       ('10', '1'),
       ('11', '1'),

       ('12', '3'),
       ('13', '3'),
       ('14', '3'),
       ('15', '3'),
       ('16', '3'),
       ('17', '3'),
       ('18', '3'),
       ('19', '3'),
       ('20', '3'),
       ('21', '3'),
       ('22', '3'),
       ('23', '3'),

       ('24', '2'),
       ('25', '2'),
       ('26', '2'),
       ('27', '2'),
       ('28', '2'),
       ('29', '2'),
       ('30', '2'),
       ('31', '2'),
       ('32', '2'),
       ('33', '2');

INSERT INTO point_of_services(name, boss_user_id, address_id)
VALUES ('Бородатый босс', 2, 1),
       ('Лысый бородач', 3, 7),
       ('Волосатый чел', 2, 2),
       ('Бритый висок', 3, 8),
       ('Кругляшочек', 4, 3),
       ('10-е колесо', 5, 9),
       ('Ноготок', 6, 4),
       ('Пилка', 7, 10),
       ('35-й зуб', 8, 5),
       ('1-й зуб', 9, 11),
       ('Клякса', 10, 12),
       ('Каляка-Маляка', 11, 6),

       ('Бородатый босс', 2, 13),
       ('Лысый бородач', 3, 19),
       ('Волосатый чел', 2, 14),
       ('Бритый висок', 3, 20),
       ('Кругляшочек', 4, 15),
       ('10-е колесо', 5, 21),
       ('Ноготок', 6, 16),
       ('Пилка', 7, 22),
       ('35-й зуб', 8, 17),
       ('1-й зуб', 9, 23),
       ('Клякса', 10, 18),
       ('Каляка-Маляка', 11, 24);


INSERT INTO service_category(name, description)
VALUES ('Стрижка', 'Стрижка ножницами и машинкой'),
       ('Окраска', 'Окраска волос'),
       ('Стрижка бороды', 'Стрижка бороды'),
       ('Сезонная смена колес', 'сезонная'),
       ('Ремонт колеса', 'Полный и частичный'),
       ('Маникюр', 'Маникюр'),
       ('Педикюр', 'Педикюр'),
       ('лечение зубов', 'Тратататата'),
       ('Протезирование зубов', 'вжжжжжжжжж'),
       ('Профилактический осмотр', 'Осмотр'),
       ('Нанесение татуировки', 'Любые размеры'),
       ('Исправление', 'Сейчас мы все починим))'),
       ('Консультация', 'Расскажем и покажем');

INSERT INTO service(service_category_id, name, duration)
VALUES (1, 'Ножницами', interval '2700 second' ),
       (1, 'Машинкой', interval '1800 second'),
       (2, 'Полная', interval '5400 second'),
       (2, 'Частичная', interval '3600 second'),
       (2, 'Мелирование', interval '5400 second'),
       (3, 'Стрижка', interval '1800 second'),
       (3, 'Придание формы', interval '2400 second'),
       (3, 'Чистое бритье', interval '2100 second'),
       (4, 'Колеса на дичках', interval '1200 second'),
       (4, 'Перебортирование', interval '2400 second'),
       (5, 'Ремонт бокового пореза', interval '3600 second'),
       (5, 'Ремонт прокола жгутом', interval '900 second'),
       (5, 'Заклейка прокола', interval '1800 second'),
       (6, 'Наращивание', interval '5100 second'),
       (6, 'Покраска', interval '1800 second'),
       (6, 'Шилак', interval '4200 second'),
       (7, 'Покраска', interval '1800 second'),
       (7, 'Стрижка', interval '1800 second'),
       (7, 'Обработка', interval '3600 second'),
       (8, 'Лечение кариеса', interval '3600 second'),
       (8, 'Профессиональная чистка', interval '3200 second'),
       (9, 'Вставная челюсть', interval '7200 second'),
       (9, 'Вставной зуб', interval '5000 second'),
       (10, 'Осмотр полости рта', interval '900 second'),
       (10, 'Консультация', interval '1500 second'),
       (11, 'Постоянная татуировка', interval '3600 second'),
       (11, 'Временная татуировка', interval '3600 second'),
       (12, 'Исправление татуировки', interval '7200 second'),
       (12, 'Удаление татуировки', interval '9600 second'),
       (13, 'Консультатция по нанесению', interval '900 second'),
       (13, 'Создание искиза татуировки', interval '3600 second');